story_id,title,link,points,comments,scraped_at
48935342,Kimi K3: Open Frontier Intelligence,https://www.kimi.com/blog/kimi-k3,1361,833,2026-07-17T05:01:47.686186+00:00
48862165,An Engineer's Guide to USB Typе-С (2024),https://www.ti.com/lit/eb/slyy228/slyy228.pdf?ts=1759892558029,60,1,2026-07-17T05:01:47.686186+00:00
48943142,"How Has Roman Concrete Lasted for Millennia? 1,900-Year-Old Latrine Offers Clues",https://www.smithsonianmag.com/smart-news/how-has-roman-concrete-lasted-for-millennia-a-1900-year-old-latrine-offers-new-clues-about-the-materials-impressive-durability-180989115/,16,3,2026-07-17T05:01:47.686186+00:00
48936426,Microsoft Comic Chat is now open source,https://opensource.microsoft.com/blog/2026/07/16/microsoft-comic-chat-is-now-open-source/,601,135,2026-07-17T05:01:47.686186+00:00
48942000,The Human-in-the-Loop Is Tired,https://pydantic.dev/articles/the-human-in-the-loop-is-tired,99,49,2026-07-17T05:01:47.686186+00:00
48936584,Decoy Font,https://www.mixfont.com/experiments/decoy-font,468,112,2026-07-17T05:01:47.686186+00:00
48939662,LM Studio Bionic: the AI agent for open models,https://lmstudio.ai/blog/introducing-lm-studio-bionic,192,70,2026-07-17T05:01:47.686186+00:00
48939524,$100 AI Music Video: Claude Fable 5 vs. GPT-5.6 Sol,https://www.tryai.dev/blog/ai-music-video-arena-claude-vs-gpt-5.6,194,227,2026-07-17T05:01:47.686186+00:00
48942454,GrapheneOS recommended for domestic abuse victims,https://privacypros.com.au/privacy-hub/articles/dv-safe-phone-australia/,32,19,2026-07-17T05:01:47.686186+00:00
48895199,Solod: Go can be a better C,https://solod.dev,84,18,2026-07-17T05:01:47.686186+00:00
48942125,"M 3.9 Experimental Explosion – 147 Km ENE of Ponce Inlet, Florida",https://earthquake.usgs.gov/earthquakes/eventpage/us7000t13l/executive,47,19,2026-07-17T05:01:47.686186+00:00
48936451,NotebookLM is now Gemini Notebook,https://blog.google/innovation-and-ai/products/gemini-notebook/notebooklm-gemini-notebook/,276,141,2026-07-17T05:01:47.686186+00:00
48941104,The Little Book of Reinforcement Learning,https://github.com/alxndrTL/little-book-rl/,83,10,2026-07-17T05:01:47.686186+00:00
48940833,'Likweli': A new monkey species discovered in the Congo Basin,https://news.yale.edu/2026/07/15/meet-likweli-new-monkey-species-discovered-congo-basin,63,11,2026-07-17T05:01:47.686186+00:00
48896044,"Simulating everything, sort of: The promise and limits of world models",https://arstechnica.com/ai/2026/07/simulating-everything-sort-of-the-promise-and-limits-of-world-models/,19,1,2026-07-17T05:01:47.686186+00:00
48939896,Mathematics of Data Science,https://arxiv.org/abs/2607.11938,121,3,2026-07-17T05:01:47.686186+00:00
48877137,Old Icons,https://leancrew.com/all-this/2026/07/old-icons/,22,0,2026-07-17T05:01:47.686186+00:00
48933149,How Our Rust-to-Zig Rewrite Is Going,https://rtfeldman.com/rust-to-zig,448,234,2026-07-17T05:01:47.686186+00:00
48939742,Helium escaping from atmosphere of nearby rocky exoplanet in a habitable zone,https://www.science.org/doi/10.1126/science.aea9708,84,22,2026-07-17T05:01:47.686186+00:00
48936880,Detecting LLM-Generated Texts with “Classical” Machine Learning,https://blog.lyc8503.net/en/post/llm-classifier/,171,118,2026-07-17T05:01:47.686186+00:00
48935951,Immersive Linear Algebra Book with Interactive Figures (2015),https://immersivemath.com/ila/,186,26,2026-07-17T05:01:47.686186+00:00
48873239,What loss.backward() actually does,https://oraziorillo.com/blog/what-loss-backward-actually-does/,4,1,2026-07-17T05:01:47.686186+00:00
48940603,Ring-Zero: Scaling Zero RL to a Trillion Parameters for Emergent Reasoning,https://arxiv.org/abs/2607.12395,45,15,2026-07-17T05:01:47.686186+00:00
48871547,Show HN: Clx – Compile Lua to Native Executables Through C++20,https://github.com/samyeyo/clx,101,9,2026-07-17T05:01:47.686186+00:00
48908886,Pseudpocalypse,https://dynomight.net/pseudpocalypse/,103,60,2026-07-17T05:01:47.686186+00:00
48932722,Abstracting Effects with Continuations,https://crowdhailer.me/2026-07-15/abstracting-effects-with-continuations/,51,0,2026-07-17T05:01:47.686186+00:00
48941123,Show HN: Mojibake – A low-level Unicode library written in C,https://mojibake.zaerl.com/,51,7,2026-07-17T05:01:47.686186+00:00
48940895,CVE-2026-25089: FortiSandbox unauthenticated command injection added to CISA KEV,https://hellorecon.com/blog/cve-2026-25089,30,0,2026-07-17T05:01:47.686186+00:00
48937125,Adaptional (YC S25) Is Hiring,https://www.ycombinator.com/companies/adaptional/jobs,0,0,2026-07-17T05:01:47.686186+00:00
48935687,How to Train a Gen AI Kick Drum Model on Your Old Linux Desktop with 6GB VRAM,https://www.zhinit.dev/blog/training-a-kick-drum-diffusion-model,112,55,2026-07-17T05:01:47.686186+00:00
48935342,Kimi K3: Open Frontier Intelligence,https://www.kimi.com/blog/kimi-k3,1362,835,2026-07-17T05:03:58.600258+00:00
48943142,"How Has Roman Concrete Lasted for Millennia? 1,900-Year-Old Latrine Offers Clues",https://www.smithsonianmag.com/smart-news/how-has-roman-concrete-lasted-for-millennia-a-1900-year-old-latrine-offers-new-clues-about-the-materials-impressive-durability-180989115/,18,4,2026-07-17T05:03:58.600258+00:00
48862165,An Engineer's Guide to USB Typе-С (2024),https://www.ti.com/lit/eb/slyy228/slyy228.pdf?ts=1759892558029,60,1,2026-07-17T05:03:58.600258+00:00
48936426,Microsoft Comic Chat is now open source,https://opensource.microsoft.com/blog/2026/07/16/microsoft-comic-chat-is-now-open-source/,603,135,2026-07-17T05:03:58.600258+00:00
48942000,The Human-in-the-Loop Is Tired,https://pydantic.dev/articles/the-human-in-the-loop-is-tired,99,49,2026-07-17T05:03:58.600258+00:00
48936584,Decoy Font,https://www.mixfont.com/experiments/decoy-font,469,112,2026-07-17T05:03:58.600258+00:00
48939662,LM Studio Bionic: the AI agent for open models,https://lmstudio.ai/blog/introducing-lm-studio-bionic,193,70,2026-07-17T05:03:58.600258+00:00
48942454,GrapheneOS recommended for domestic abuse victims,https://privacypros.com.au/privacy-hub/articles/dv-safe-phone-australia/,33,19,2026-07-17T05:03:58.600258+00:00
48939524,$100 AI Music Video: Claude Fable 5 vs. GPT-5.6 Sol,https://www.tryai.dev/blog/ai-music-video-arena-claude-vs-gpt-5.6,195,229,2026-07-17T05:03:58.600258+00:00
48895199,Solod: Go can be a better C,https://solod.dev,86,18,2026-07-17T05:03:58.600258+00:00
48942125,"M 3.9 Experimental Explosion – 147 Km ENE of Ponce Inlet, Florida",https://earthquake.usgs.gov/earthquakes/eventpage/us7000t13l/executive,47,19,2026-07-17T05:03:58.600258+00:00
48941104,The Little Book of Reinforcement Learning,https://github.com/alxndrTL/little-book-rl/,84,10,2026-07-17T05:03:58.600258+00:00
48936451,NotebookLM is now Gemini Notebook,https://blog.google/innovation-and-ai/products/gemini-notebook/notebooklm-gemini-notebook/,276,141,2026-07-17T05:03:58.600258+00:00
48940833,'Likweli': A new monkey species discovered in the Congo Basin,https://news.yale.edu/2026/07/15/meet-likweli-new-monkey-species-discovered-congo-basin,63,11,2026-07-17T05:03:58.600258+00:00
48896044,"Simulating everything, sort of: The promise and limits of world models",https://arstechnica.com/ai/2026/07/simulating-everything-sort-of-the-promise-and-limits-of-world-models/,19,1,2026-07-17T05:03:58.600258+00:00
48939896,Mathematics of Data Science,https://arxiv.org/abs/2607.11938,122,3,2026-07-17T05:03:58.600258+00:00
48877137,Old Icons,https://leancrew.com/all-this/2026/07/old-icons/,22,0,2026-07-17T05:03:58.600258+00:00
48933149,How Our Rust-to-Zig Rewrite Is Going,https://rtfeldman.com/rust-to-zig,448,234,2026-07-17T05:03:58.600258+00:00
48939742,Helium escaping from atmosphere of nearby rocky exoplanet in a habitable zone,https://www.science.org/doi/10.1126/science.aea9708,84,22,2026-07-17T05:03:58.600258+00:00
48936880,Detecting LLM-Generated Texts with “Classical” Machine Learning,https://blog.lyc8503.net/en/post/llm-classifier/,171,118,2026-07-17T05:03:58.600258+00:00
48935951,Immersive Linear Algebra Book with Interactive Figures (2015),https://immersivemath.com/ila/,186,26,2026-07-17T05:03:58.600258+00:00
48873239,What loss.backward() actually does,https://oraziorillo.com/blog/what-loss-backward-actually-does/,4,1,2026-07-17T05:03:58.600258+00:00
48940603,Ring-Zero: Scaling Zero RL to a Trillion Parameters for Emergent Reasoning,https://arxiv.org/abs/2607.12395,45,15,2026-07-17T05:03:58.600258+00:00
48871547,Show HN: Clx – Compile Lua to Native Executables Through C++20,https://github.com/samyeyo/clx,101,9,2026-07-17T05:03:58.600258+00:00
48908886,Pseudpocalypse,https://dynomight.net/pseudpocalypse/,103,60,2026-07-17T05:03:58.600258+00:00
48932722,Abstracting Effects with Continuations,https://crowdhailer.me/2026-07-15/abstracting-effects-with-continuations/,51,0,2026-07-17T05:03:58.600258+00:00
48941123,Show HN: Mojibake – A low-level Unicode library written in C,https://mojibake.zaerl.com/,51,7,2026-07-17T05:03:58.600258+00:00
48940895,CVE-2026-25089: FortiSandbox unauthenticated command injection added to CISA KEV,https://hellorecon.com/blog/cve-2026-25089,30,0,2026-07-17T05:03:58.600258+00:00
48937125,Adaptional (YC S25) Is Hiring,https://www.ycombinator.com/companies/adaptional/jobs,0,0,2026-07-17T05:03:58.600258+00:00
48935687,How to Train a Gen AI Kick Drum Model on Your Old Linux Desktop with 6GB VRAM,https://www.zhinit.dev/blog/training-a-kick-drum-diffusion-model,112,55,2026-07-17T05:03:58.600258+00:00
48943142,"How Has Roman Concrete Lasted for Millennia? 1,900-Year-Old Latrine Offers Clues",https://www.smithsonianmag.com/smart-news/how-has-roman-concrete-lasted-for-millennia-a-1900-year-old-latrine-offers-new-clues-about-the-materials-impressive-durability-180989115/,47,27,2026-07-17T05:49:15.080013+00:00
48935342,Kimi K3: Open Frontier Intelligence,https://www.kimi.com/blog/kimi-k3,1404,854,2026-07-17T05:49:15.080013+00:00
48862165,An Engineer's Guide to USB Typе-С (2024),https://www.ti.com/lit/eb/slyy228/slyy228.pdf?ts=1759892558029,81,1,2026-07-17T05:49:15.080013+00:00
48936426,Microsoft Comic Chat is now open source,https://opensource.microsoft.com/blog/2026/07/16/microsoft-comic-chat-is-now-open-source/,609,138,2026-07-17T05:49:15.080013+00:00
48942454,GrapheneOS recommended for domestic abuse victims,https://privacypros.com.au/privacy-hub/articles/dv-safe-phone-australia/,49,26,2026-07-17T05:49:15.080013+00:00
48936584,Decoy Font,https://www.mixfont.com/experiments/decoy-font,481,113,2026-07-17T05:49:15.080013+00:00
48939662,LM Studio Bionic: the AI agent for open models,https://lmstudio.ai/blog/introducing-lm-studio-bionic,199,73,2026-07-17T05:49:15.080013+00:00
48939524,$100 AI Music Video: Claude Fable 5 vs. GPT-5.6 Sol,https://www.tryai.dev/blog/ai-music-video-arena-claude-vs-gpt-5.6,203,237,2026-07-17T05:49:15.080013+00:00
48941104,The Little Book of Reinforcement Learning,https://github.com/alxndrTL/little-book-rl/,91,11,2026-07-17T05:49:15.080013+00:00
48895199,Solod: Go can be a better C,https://solod.dev,90,24,2026-07-17T05:49:15.080013+00:00
48943174,Pebble Mega Update – July 2026,https://repebble.com/blog/pebble-mega-update-july-2026,10,0,2026-07-17T05:49:15.080013+00:00
48936451,NotebookLM is now Gemini Notebook,https://blog.google/innovation-and-ai/products/gemini-notebook/notebooklm-gemini-notebook/,279,142,2026-07-17T05:49:15.080013+00:00
48942125,"M 3.9 Experimental Explosion – 147 Km ENE of Ponce Inlet, Florida",https://earthquake.usgs.gov/earthquakes/eventpage/us7000t13l/executive,51,22,2026-07-17T05:49:15.080013+00:00
48877137,Old Icons,https://leancrew.com/all-this/2026/07/old-icons/,27,5,2026-07-17T05:49:15.080013+00:00
48896044,"Simulating everything, sort of: The promise and limits of world models",https://arstechnica.com/ai/2026/07/simulating-everything-sort-of-the-promise-and-limits-of-world-models/,23,1,2026-07-17T05:49:15.080013+00:00
48940833,'Likweli': A new monkey species discovered in the Congo Basin,https://news.yale.edu/2026/07/15/meet-likweli-new-monkey-species-discovered-congo-basin,66,12,2026-07-17T05:49:15.080013+00:00
48933149,How Our Rust-to-Zig Rewrite Is Going,https://rtfeldman.com/rust-to-zig,462,243,2026-07-17T05:49:15.080013+00:00
48939896,Mathematics of Data Science,https://arxiv.org/abs/2607.11938,127,3,2026-07-17T05:49:15.080013+00:00
48942721,UIUC AI Teaching Assistant,https://github.com/Center-for-AI-Innovation/ai-teaching-assistant-uiuc,8,0,2026-07-17T05:49:15.080013+00:00
48936880,Detecting LLM-Generated Texts with “Classical” Machine Learning,https://blog.lyc8503.net/en/post/llm-classifier/,176,121,2026-07-17T05:49:15.080013+00:00
48935951,Immersive Linear Algebra Book with Interactive Figures (2015),https://immersivemath.com/ila/,191,26,2026-07-17T05:49:15.080013+00:00
48939742,Helium escaping from atmosphere of nearby rocky exoplanet in a habitable zone,https://www.science.org/doi/10.1126/science.aea9708,86,25,2026-07-17T05:49:15.080013+00:00
48942000,The human-in-the-loop is tired,https://pydantic.dev/articles/the-human-in-the-loop-is-tired,127,68,2026-07-17T05:49:15.080013+00:00
48940603,Ring-Zero: Scaling Zero RL to a Trillion Parameters for Emergent Reasoning,https://arxiv.org/abs/2607.12395,45,15,2026-07-17T05:49:15.080013+00:00
48908886,Pseudpocalypse,https://dynomight.net/pseudpocalypse/,103,62,2026-07-17T05:49:15.080013+00:00
48871547,Show HN: Clx – Compile Lua to Native Executables Through C++20,https://github.com/samyeyo/clx,104,11,2026-07-17T05:49:15.080013+00:00
48932722,Abstracting Effects with Continuations,https://crowdhailer.me/2026-07-15/abstracting-effects-with-continuations/,55,2,2026-07-17T05:49:15.080013+00:00
48937398,CD sales growth outpaced vinyl in the first half of 2026,https://consequence.net/2026/07/the-cd-revival-is-getting-hard-to-ignore/,82,96,2026-07-17T05:49:15.080013+00:00
48935687,How to Train a Gen AI Kick Drum Model on Your Old Linux Desktop with 6GB VRAM,https://www.zhinit.dev/blog/training-a-kick-drum-diffusion-model,115,56,2026-07-17T05:49:15.080013+00:00
48940895,CVE-2026-25089: FortiSandbox unauthenticated command injection added to CISA KEV,https://hellorecon.com/blog/cve-2026-25089,31,0,2026-07-17T05:49:15.080013+00:00
48943745,EEG shows brain can simultaneous encode two speech streams,https://journals.plos.org/plosbiology/article?id=10.1371/journal.pbio.3003876,50,18,2026-07-17T07:59:34.206415+00:00
48943142,"How Has Roman Concrete Lasted for Millennia? 1,900-Year-Old Latrine Offers Clues",https://www.smithsonianmag.com/smart-news/how-has-roman-concrete-lasted-for-millennia-a-1900-year-old-latrine-offers-new-clues-about-the-materials-impressive-durability-180989115/,98,59,2026-07-17T07:59:34.206415+00:00
48935342,Kimi K3: Open Frontier Intelligence,https://www.kimi.com/blog/kimi-k3,1532,917,2026-07-17T07:59:34.206415+00:00
48943174,Pebble Mega Update – July 2026,https://repebble.com/blog/pebble-mega-update-july-2026,80,10,2026-07-17T07:59:34.206415+00:00
48862165,An Engineer's Guide to USB Typе-С (2024),https://www.ti.com/lit/eb/slyy228/slyy228.pdf?ts=1759892558029,141,4,2026-07-17T07:59:34.206415+00:00
48936426,Microsoft Comic Chat is now open source,https://opensource.microsoft.com/blog/2026/07/16/microsoft-comic-chat-is-now-open-source/,650,144,2026-07-17T07:59:34.206415+00:00
48876811,Starlink from 1984,https://nemanjatrifunovic.substack.com/p/starlink-from-1984,27,3,2026-07-17T07:59:34.206415+00:00
48936584,Decoy Font,https://www.mixfont.com/experiments/decoy-font,525,121,2026-07-17T07:59:34.206415+00:00
48939662,LM Studio Bionic: the AI agent for open models,https://lmstudio.ai/blog/introducing-lm-studio-bionic,231,80,2026-07-17T07:59:34.206415+00:00
48942454,GrapheneOS recommended for domestic abuse victims,https://privacypros.com.au/privacy-hub/articles/dv-safe-phone-australia/,119,89,2026-07-17T07:59:34.206415+00:00
48939524,$100 AI Music Video: Claude Fable 5 vs. GPT-5.6 Sol,https://www.tryai.dev/blog/ai-music-video-arena-claude-vs-gpt-5.6,237,295,2026-07-17T07:59:34.206415+00:00
48895199,Solod: Go can be a better C,https://solod.dev,114,44,2026-07-17T07:59:34.206415+00:00
48936451,NotebookLM is now Gemini Notebook,https://blog.google/innovation-and-ai/products/gemini-notebook/notebooklm-gemini-notebook/,298,151,2026-07-17T07:59:34.206415+00:00
48941104,The Little Book of Reinforcement Learning,https://github.com/alxndrTL/little-book-rl/,116,14,2026-07-17T07:59:34.206415+00:00
48877137,Old Icons,https://leancrew.com/all-this/2026/07/old-icons/,46,10,2026-07-17T07:59:34.206415+00:00
48942125,"M 3.9 Experimental Explosion – 147 Km ENE of Ponce Inlet, Florida",https://earthquake.usgs.gov/earthquakes/eventpage/us7000t13l/executive,59,31,2026-07-17T07:59:34.206415+00:00
48935951,Immersive Linear Algebra Book with Interactive Figures (2015),https://immersivemath.com/ila/,209,26,2026-07-17T07:59:34.206415+00:00
48936880,Detecting LLM-Generated Texts with “Classical” Machine Learning,https://blog.lyc8503.net/en/post/llm-classifier/,190,132,2026-07-17T07:59:34.206415+00:00
48939742,Helium escaping from atmosphere of nearby rocky exoplanet in a habitable zone,https://www.science.org/doi/10.1126/science.aea9708,96,27,2026-07-17T07:59:34.206415+00:00
48942721,UIUC AI Teaching Assistant,https://github.com/Center-for-AI-Innovation/ai-teaching-assistant-uiuc,16,0,2026-07-17T07:59:34.206415+00:00
48939896,Mathematics of Data Science,https://arxiv.org/abs/2607.11938,144,5,2026-07-17T07:59:34.206415+00:00
48879529,In Praise of Exhaustive Destructuring,https://antoine.vandecreme.net/blog/exhaustive-destructuring-praise/,12,3,2026-07-17T07:59:34.206415+00:00
48940833,'Likweli': A new monkey species discovered in the Congo Basin,https://news.yale.edu/2026/07/15/meet-likweli-new-monkey-species-discovered-congo-basin,75,17,2026-07-17T07:59:34.206415+00:00
48942000,The human-in-the-loop is tired,https://pydantic.dev/articles/the-human-in-the-loop-is-tired,171,91,2026-07-17T07:59:34.206415+00:00
48937398,CD sales growth outpaced vinyl in the first half of 2026,https://consequence.net/2026/07/the-cd-revival-is-getting-hard-to-ignore/,94,106,2026-07-17T07:59:34.206415+00:00
48871547,Show HN: Clx – Compile Lua to Native Executables Through C++20,https://github.com/samyeyo/clx,112,12,2026-07-17T07:59:34.206415+00:00
48940603,Ring-Zero: Scaling Zero RL to a Trillion Parameters for Emergent Reasoning,https://arxiv.org/abs/2607.12395,50,18,2026-07-17T07:59:34.206415+00:00
48933310,The LLM Critics Are Right. I Use LLMs Anyway,https://www.theocharis.dev/blog/llm-critics-are-right-i-use-llms-anyway/,215,225,2026-07-17T07:59:34.206415+00:00
48934286,Goes-19 weather satellite enters Safe Hold mode,https://www.spaceweather.gov/news/goes-19-safe-hold,166,84,2026-07-17T07:59:34.206415+00:00
48935687,How to Train a Gen AI Kick Drum Model on Your Old Linux Desktop with 6GB VRAM,https://www.zhinit.dev/blog/training-a-kick-drum-diffusion-model,122,60,2026-07-17T07:59:34.206415+00:00
48943745,EEG shows brain can simultaneous encode two speech streams,https://journals.plos.org/plosbiology/article?id=10.1371/journal.pbio.3003876,56,23,2026-07-17T08:15:14.998187+00:00
48943142,"How Has Roman Concrete Lasted for Millennia? 1,900-Year-Old Latrine Offers Clues",https://www.smithsonianmag.com/smart-news/how-has-roman-concrete-lasted-for-millennia-a-1900-year-old-latrine-offers-new-clues-about-the-materials-impressive-durability-180989115/,103,63,2026-07-17T08:15:14.998187+00:00
48935342,Kimi K3: Open Frontier Intelligence,https://www.kimi.com/blog/kimi-k3,1543,923,2026-07-17T08:15:14.998187+00:00
48943174,Pebble Mega Update – July 2026,https://repebble.com/blog/pebble-mega-update-july-2026,85,13,2026-07-17T08:15:14.998187+00:00
48862165,An Engineer's Guide to USB Typе-С (2024),https://www.ti.com/lit/eb/slyy228/slyy228.pdf?ts=1759892558029,146,6,2026-07-17T08:15:14.998187+00:00
48936426,Microsoft Comic Chat is now open source,https://opensource.microsoft.com/blog/2026/07/16/microsoft-comic-chat-is-now-open-source/,656,144,2026-07-17T08:15:14.998187+00:00
48876811,Starlink from 1984,https://nemanjatrifunovic.substack.com/p/starlink-from-1984,28,6,2026-07-17T08:15:14.998187+00:00
48936584,Decoy Font,https://www.mixfont.com/experiments/decoy-font,529,122,2026-07-17T08:15:14.998187+00:00
48939662,LM Studio Bionic: the AI agent for open models,https://lmstudio.ai/blog/introducing-lm-studio-bionic,236,82,2026-07-17T08:15:14.998187+00:00
48939524,$100 AI Music Video: Claude Fable 5 vs. GPT-5.6 Sol,https://www.tryai.dev/blog/ai-music-video-arena-claude-vs-gpt-5.6,243,308,2026-07-17T08:15:14.998187+00:00
48942454,GrapheneOS recommended for domestic abuse victims,https://privacypros.com.au/privacy-hub/articles/dv-safe-phone-australia/,124,96,2026-07-17T08:15:14.998187+00:00
48895199,Solod: Go can be a better C,https://solod.dev,114,47,2026-07-17T08:15:14.998187+00:00
48936451,NotebookLM is now Gemini Notebook,https://blog.google/innovation-and-ai/products/gemini-notebook/notebooklm-gemini-notebook/,299,152,2026-07-17T08:15:14.998187+00:00
48941104,The Little Book of Reinforcement Learning,https://github.com/alxndrTL/little-book-rl/,117,14,2026-07-17T08:15:14.998187+00:00
48877137,Old Icons,https://leancrew.com/all-this/2026/07/old-icons/,48,10,2026-07-17T08:15:14.998187+00:00
48942125,"M 3.9 Experimental Explosion – 147 Km ENE of Ponce Inlet, Florida",https://earthquake.usgs.gov/earthquakes/eventpage/us7000t13l/executive,59,34,2026-07-17T08:15:14.998187+00:00
48935951,Immersive Linear Algebra Book with Interactive Figures (2015),https://immersivemath.com/ila/,211,26,2026-07-17T08:15:14.998187+00:00
48936880,Detecting LLM-Generated Texts with “Classical” Machine Learning,https://blog.lyc8503.net/en/post/llm-classifier/,191,136,2026-07-17T08:15:14.998187+00:00
48939742,Helium escaping from atmosphere of nearby rocky exoplanet in a habitable zone,https://www.science.org/doi/10.1126/science.aea9708,100,27,2026-07-17T08:15:14.998187+00:00
48852048,How RCA Victor sold Sound Service to classrooms in 1939,https://pncnmnp.github.io/blogs/rca-victor-education.html,25,10,2026-07-17T08:15:14.998187+00:00
48939896,Mathematics of Data Science,https://arxiv.org/abs/2607.11938,146,6,2026-07-17T08:15:14.998187+00:00
48942721,UIUC AI Teaching Assistant,https://github.com/Center-for-AI-Innovation/ai-teaching-assistant-uiuc,16,0,2026-07-17T08:15:14.998187+00:00
48940833,'Likweli': A new monkey species discovered in the Congo Basin,https://news.yale.edu/2026/07/15/meet-likweli-new-monkey-species-discovered-congo-basin,75,17,2026-07-17T08:15:14.998187+00:00
48879529,In Praise of Exhaustive Destructuring,https://antoine.vandecreme.net/blog/exhaustive-destructuring-praise/,12,4,2026-07-17T08:15:14.998187+00:00
48937398,CD sales growth outpaced vinyl in the first half of 2026,https://consequence.net/2026/07/the-cd-revival-is-getting-hard-to-ignore/,96,107,2026-07-17T08:15:14.998187+00:00
48942000,The human-in-the-loop is tired,https://pydantic.dev/articles/the-human-in-the-loop-is-tired,176,96,2026-07-17T08:15:14.998187+00:00
48871547,Show HN: Clx – Compile Lua to Native Executables Through C++20,https://github.com/samyeyo/clx,113,14,2026-07-17T08:15:14.998187+00:00
48940603,Ring-Zero: Scaling Zero RL to a Trillion Parameters for Emergent Reasoning,https://arxiv.org/abs/2607.12395,50,19,2026-07-17T08:15:14.998187+00:00
48933310,The LLM Critics Are Right. I Use LLMs Anyway,https://www.theocharis.dev/blog/llm-critics-are-right-i-use-llms-anyway/,218,225,2026-07-17T08:15:14.998187+00:00
48935687,How to Train a Gen AI Kick Drum Model on Your Old Linux Desktop with 6GB VRAM,https://www.zhinit.dev/blog/training-a-kick-drum-diffusion-model,126,60,2026-07-17T08:15:14.998187+00:00
48943745,EEG shows brain can simultaneous encode two speech streams,https://journals.plos.org/plosbiology/article?id=10.1371/journal.pbio.3003876,92,49,2026-07-17T10:03:52.613065+00:00
48935342,Kimi K3: Open Frontier Intelligence,https://www.kimi.com/blog/kimi-k3,1640,966,2026-07-17T10:03:52.613065+00:00
48943142,"How Has Roman Concrete Lasted for Millennia? 1,900-Year-Old Latrine Offers Clues",https://www.smithsonianmag.com/smart-news/how-has-roman-concrete-lasted-for-millennia-a-1900-year-old-latrine-offers-new-clues-about-the-materials-impressive-durability-180989115/,132,86,2026-07-17T10:03:52.613065+00:00
48943174,Pebble Mega Update – July 2026,https://repebble.com/blog/pebble-mega-update-july-2026,120,39,2026-07-17T10:03:52.613065+00:00
48936426,Microsoft Comic Chat is now open source,https://opensource.microsoft.com/blog/2026/07/16/microsoft-comic-chat-is-now-open-source/,682,150,2026-07-17T10:03:52.613065+00:00
48862165,An Engineer's Guide to USB Typе-С (2024),https://www.ti.com/lit/eb/slyy228/slyy228.pdf?ts=1759892558029,173,14,2026-07-17T10:03:52.613065+00:00
48936584,Decoy Font,https://www.mixfont.com/experiments/decoy-font,557,129,2026-07-17T10:03:52.613065+00:00
48939662,LM Studio Bionic: the AI agent for open models,https://lmstudio.ai/blog/introducing-lm-studio-bionic,251,89,2026-07-17T10:03:52.613065+00:00
48876811,Starlink from 1984,https://nemanjatrifunovic.substack.com/p/starlink-from-1984,35,12,2026-07-17T10:03:52.613065+00:00
48895199,Solod: Go can be a better C,https://solod.dev,135,68,2026-07-17T10:03:52.613065+00:00
48939524,$100 AI Music Video: Claude Fable 5 vs. GPT-5.6 Sol,https://www.tryai.dev/blog/ai-music-video-arena-claude-vs-gpt-5.6,272,376,2026-07-17T10:03:52.613065+00:00
48941104,The Little Book of Reinforcement Learning,https://github.com/alxndrTL/little-book-rl/,138,15,2026-07-17T10:03:52.613065+00:00
48936451,NotebookLM is now Gemini Notebook,https://blog.google/innovation-and-ai/products/gemini-notebook/notebooklm-gemini-notebook/,308,155,2026-07-17T10:03:52.613065+00:00
48879529,In Praise of Exhaustive Destructuring,https://antoine.vandecreme.net/blog/exhaustive-destructuring-praise/,19,5,2026-07-17T10:03:52.613065+00:00
48935951,Immersive Linear Algebra Book with Interactive Figures (2015),https://immersivemath.com/ila/,226,27,2026-07-17T10:03:52.613065+00:00
48936880,Detecting LLM-Generated Texts with “Classical” Machine Learning,https://blog.lyc8503.net/en/post/llm-classifier/,201,143,2026-07-17T10:03:52.613065+00:00
48939742,Helium escaping from atmosphere of nearby rocky exoplanet in a habitable zone,https://www.science.org/doi/10.1126/science.aea9708,110,32,2026-07-17T10:03:52.613065+00:00
48877137,Old Icons,https://leancrew.com/all-this/2026/07/old-icons/,58,14,2026-07-17T10:03:52.613065+00:00
48879960,Solving Santa Claus Puzzle,https://wyounas.github.io/puzzles/concurrency/2026/01/10/how-to-help-santa-claus-concurrently/,4,0,2026-07-17T10:03:52.613065+00:00
48939896,Mathematics of Data Science,https://arxiv.org/abs/2607.11938,161,7,2026-07-17T10:03:52.613065+00:00
48854988,Camera Chase Vehicle,https://transistor-man.com/gimbal_camera_rover.html,9,0,2026-07-17T10:03:52.613065+00:00
48942125,"M 3.9 Experimental Explosion – 147 Km ENE of Ponce Inlet, Florida",https://earthquake.usgs.gov/earthquakes/eventpage/us7000t13l/executive,63,39,2026-07-17T10:03:52.613065+00:00
48942454,GrapheneOS recommended for domestic abuse victims,https://privacypros.com.au/privacy-hub/articles/dv-safe-phone-australia/,149,115,2026-07-17T10:03:52.613065+00:00
48940833,'Likweli': A new monkey species discovered in the Congo Basin,https://news.yale.edu/2026/07/15/meet-likweli-new-monkey-species-discovered-congo-basin,80,18,2026-07-17T10:03:52.613065+00:00
48937398,CD sales growth outpaced vinyl in the first half of 2026,https://consequence.net/2026/07/the-cd-revival-is-getting-hard-to-ignore/,110,120,2026-07-17T10:03:52.613065+00:00
48942000,The human-in-the-loop is tired,https://pydantic.dev/articles/the-human-in-the-loop-is-tired,214,118,2026-07-17T10:03:52.613065+00:00
48933310,The LLM Critics Are Right. I Use LLMs Anyway,https://www.theocharis.dev/blog/llm-critics-are-right-i-use-llms-anyway/,230,242,2026-07-17T10:03:52.613065+00:00
48935687,How to Train a Gen AI Kick Drum Model on Your Old Linux Desktop with 6GB VRAM,https://www.zhinit.dev/blog/training-a-kick-drum-diffusion-model,137,63,2026-07-17T10:03:52.613065+00:00
48852048,How RCA Victor sold Sound Service to classrooms in 1939,https://pncnmnp.github.io/blogs/rca-victor-education.html,26,11,2026-07-17T10:03:52.613065+00:00
48871547,Show HN: Clx – Compile Lua to Native Executables Through C++20,https://github.com/samyeyo/clx,117,20,2026-07-17T10:03:52.613065+00:00
48946010,Blatant AI slop just won a 25k USD DeepMind Kaggle Grand Prize,https://www.kaggle.com/competitions/kaggle-measuring-agi/discussion/724918#3498423,39,4,2026-07-17T11:50:19.913827+00:00
48943745,EEG shows brain can simultaneous encode two speech streams,https://journals.plos.org/plosbiology/article?id=10.1371/journal.pbio.3003876,136,77,2026-07-17T11:50:19.913827+00:00
48935342,Kimi K3: Open Frontier Intelligence,https://www.kimi.com/blog/kimi-k3,1712,1004,2026-07-17T11:50:19.913827+00:00
48943174,Pebble Mega Update – July 2026,https://repebble.com/blog/pebble-mega-update-july-2026,141,59,2026-07-17T11:50:19.913827+00:00
48943142,"How Has Roman Concrete Lasted for Millennia? 1,900-Year-Old Latrine Offers Clues",https://www.smithsonianmag.com/smart-news/how-has-roman-concrete-lasted-for-millennia-a-1900-year-old-latrine-offers-new-clues-about-the-materials-impressive-durability-180989115/,153,113,2026-07-17T11:50:19.913827+00:00
48936426,Microsoft Comic Chat is now open source,https://opensource.microsoft.com/blog/2026/07/16/microsoft-comic-chat-is-now-open-source/,705,155,2026-07-17T11:50:19.913827+00:00
48936584,Decoy Font,https://www.mixfont.com/experiments/decoy-font,579,137,2026-07-17T11:50:19.913827+00:00
48862165,An Engineer's Guide to USB Typе-С (2024),https://www.ti.com/lit/eb/slyy228/slyy228.pdf?ts=1759892558029,190,20,2026-07-17T11:50:19.913827+00:00
48939662,LM Studio Bionic: the AI agent for open models,https://lmstudio.ai/blog/introducing-lm-studio-bionic,268,98,2026-07-17T11:50:19.913827+00:00
48876811,Starlink from 1984,https://nemanjatrifunovic.substack.com/p/starlink-from-1984,45,19,2026-07-17T11:50:19.913827+00:00
48895199,Solod: Go can be a better C,https://solod.dev,149,83,2026-07-17T11:50:19.913827+00:00
48939524,$100 AI Music Video: Claude Fable 5 vs. GPT-5.6 Sol,https://www.tryai.dev/blog/ai-music-video-arena-claude-vs-gpt-5.6,298,393,2026-07-17T11:50:19.913827+00:00
48945606,Just got an AWS billing alert projecting my monthly cost at $140B,item?id=48945606,36,21,2026-07-17T11:50:19.913827+00:00
48941104,The Little Book of Reinforcement Learning,https://github.com/alxndrTL/little-book-rl/,152,18,2026-07-17T11:50:19.913827+00:00
48936451,NotebookLM is now Gemini Notebook,https://blog.google/innovation-and-ai/products/gemini-notebook/notebooklm-gemini-notebook/,320,161,2026-07-17T11:50:19.913827+00:00
48854988,Camera Chase Vehicle,https://transistor-man.com/gimbal_camera_rover.html,27,1,2026-07-17T11:50:19.913827+00:00
48945260,I Owe My Life to the Commodore 64,https://www.goto10retro.com/p/i-owe-my-life-to-the-commodore-64,29,18,2026-07-17T11:50:19.913827+00:00
48945681,Ask HN: Any AWS billing issues known? Amazon forecast of 3 billion dollars,item?id=48945681,10,4,2026-07-17T11:50:19.913827+00:00
48935951,Immersive Linear Algebra Book with Interactive Figures (2015),https://immersivemath.com/ila/,242,27,2026-07-17T11:50:19.913827+00:00
48936880,Detecting LLM-Generated Texts with “Classical” Machine Learning,https://blog.lyc8503.net/en/post/llm-classifier/,208,150,2026-07-17T11:50:19.913827+00:00
48877137,Old Icons,https://leancrew.com/all-this/2026/07/old-icons/,68,18,2026-07-17T11:50:19.913827+00:00
48939742,Helium escaping from atmosphere of nearby rocky exoplanet in a habitable zone,https://www.science.org/doi/10.1126/science.aea9708,117,37,2026-07-17T11:50:19.913827+00:00
48939896,Mathematics of Data Science,https://arxiv.org/abs/2607.11938,173,11,2026-07-17T11:50:19.913827+00:00
48879529,In Praise of Exhaustive Destructuring,https://antoine.vandecreme.net/blog/exhaustive-destructuring-praise/,25,5,2026-07-17T11:50:19.913827+00:00
48937398,CD sales growth outpaced vinyl in the first half of 2026,https://consequence.net/2026/07/the-cd-revival-is-getting-hard-to-ignore/,124,134,2026-07-17T11:50:19.913827+00:00
48940833,'Likweli': A new monkey species discovered in the Congo Basin,https://news.yale.edu/2026/07/15/meet-likweli-new-monkey-species-discovered-congo-basin,89,21,2026-07-17T11:50:19.913827+00:00
48871547,Show HN: Clx – Compile Lua to Native Executables Through C++20,https://github.com/samyeyo/clx,123,24,2026-07-17T11:50:19.913827+00:00
48942000,The human-in-the-loop is tired,https://pydantic.dev/articles/the-human-in-the-loop-is-tired,244,130,2026-07-17T11:50:19.913827+00:00
48935687,How to Train a Gen AI Kick Drum Model on Your Old Linux Desktop with 6GB VRAM,https://www.zhinit.dev/blog/training-a-kick-drum-diffusion-model,141,70,2026-07-17T11:50:19.913827+00:00
48933310,The LLM Critics Are Right. I Use LLMs Anyway,https://www.theocharis.dev/blog/llm-critics-are-right-i-use-llms-anyway/,243,251,2026-07-17T11:50:19.913827+00:00
48946010,Blatant AI slop just won a 25k USD DeepMind Kaggle Grand Prize,https://www.kaggle.com/competitions/kaggle-measuring-agi/discussion/724918#3498423,231,122,2026-07-17T13:15:23.783033+00:00
48935342,Kimi K3: Open Frontier Intelligence,https://www.kimi.com/blog/kimi-k3,1781,1044,2026-07-17T13:15:23.783033+00:00
48943745,EEG shows brain can simultaneous encode two speech streams,https://journals.plos.org/plosbiology/article?id=10.1371/journal.pbio.3003876,160,93,2026-07-17T13:15:23.783033+00:00
48946303,Apple targets dozens of OpenAI employees with legal letters,https://www.ft.com/content/1b8c9d52-88a9-426b-ba47-f1811f859166,54,31,2026-07-17T13:15:23.783033+00:00
48943174,Pebble Mega Update – July 2026,https://repebble.com/blog/pebble-mega-update-july-2026,166,76,2026-07-17T13:15:23.783033+00:00
48943142,"How Has Roman Concrete Lasted for Millennia? 1,900-Year-Old Latrine Offers Clues",https://www.smithsonianmag.com/smart-news/how-has-roman-concrete-lasted-for-millennia-a-1900-year-old-latrine-offers-new-clues-about-the-materials-impressive-durability-180989115/,175,133,2026-07-17T13:15:23.783033+00:00
48936426,Microsoft Comic Chat is now open source,https://opensource.microsoft.com/blog/2026/07/16/microsoft-comic-chat-is-now-open-source/,724,159,2026-07-17T13:15:23.783033+00:00
48936584,Decoy Font,https://www.mixfont.com/experiments/decoy-font,606,141,2026-07-17T13:15:23.783033+00:00
48862165,An Engineer's Guide to USB Typе-С (2024),https://www.ti.com/lit/eb/slyy228/slyy228.pdf?ts=1759892558029,210,24,2026-07-17T13:15:23.783033+00:00
48912957,"After wearing the Pebble Time 2 for two weeks, I'll never buy another smartwatch",https://www.androidauthority.com/pebble-time-2-smartwatch-hands-on-3680077/,22,3,2026-07-17T13:15:23.783033+00:00
48895199,Solod: Go can be a better C,https://solod.dev,163,87,2026-07-17T13:15:23.783033+00:00
48939662,LM Studio Bionic: the AI agent for open models,https://lmstudio.ai/blog/introducing-lm-studio-bionic,283,102,2026-07-17T13:15:23.783033+00:00
48939524,$100 AI Music Video: Claude Fable 5 vs. GPT-5.6 Sol,https://www.tryai.dev/blog/ai-music-video-arena-claude-vs-gpt-5.6,311,411,2026-07-17T13:15:23.783033+00:00
48900686,Turn your singing voice into printable notes (in the browser),https://om-intelligence.ch/projects/vocal-notation/vocal-notation.html,48,19,2026-07-17T13:15:23.783033+00:00
48945681,Ask HN: Any AWS billing issues known? Amazon forecast of 3 billion dollars,item?id=48945681,85,47,2026-07-17T13:15:23.783033+00:00
48941104,The Little Book of Reinforcement Learning,https://github.com/alxndrTL/little-book-rl/,169,19,2026-07-17T13:15:23.783033+00:00
48876811,Starlink from 1984,https://nemanjatrifunovic.substack.com/p/starlink-from-1984,55,24,2026-07-17T13:15:23.783033+00:00
48936451,NotebookLM is now Gemini Notebook,https://blog.google/innovation-and-ai/products/gemini-notebook/notebooklm-gemini-notebook/,332,161,2026-07-17T13:15:23.783033+00:00
48945260,I Owe My Life to the Commodore 64,https://www.goto10retro.com/p/i-owe-my-life-to-the-commodore-64,48,33,2026-07-17T13:15:23.783033+00:00
48854988,Camera Chase Vehicle,https://transistor-man.com/gimbal_camera_rover.html,49,8,2026-07-17T13:15:23.783033+00:00
48935951,Immersive Linear Algebra Book with Interactive Figures (2015),https://immersivemath.com/ila/,250,28,2026-07-17T13:15:23.783033+00:00
48936880,Detecting LLM-Generated Texts with “Classical” Machine Learning,https://blog.lyc8503.net/en/post/llm-classifier/,214,156,2026-07-17T13:15:23.783033+00:00
48939896,Mathematics of Data Science,https://arxiv.org/abs/2607.11938,180,11,2026-07-17T13:15:23.783033+00:00
48937398,CD sales growth outpaced vinyl in the first half of 2026,https://consequence.net/2026/07/the-cd-revival-is-getting-hard-to-ignore/,136,150,2026-07-17T13:15:23.783033+00:00
48879529,In Praise of Exhaustive Destructuring,https://antoine.vandecreme.net/blog/exhaustive-destructuring-praise/,30,7,2026-07-17T13:15:23.783033+00:00
48939742,Helium escaping from atmosphere of nearby rocky exoplanet in a habitable zone,https://www.science.org/doi/10.1126/science.aea9708,122,42,2026-07-17T13:15:23.783033+00:00
48944333,Pushinka,https://en.wikipedia.org/wiki/Pushinka,26,8,2026-07-17T13:15:23.783033+00:00
48940833,'Likweli': A new monkey species discovered in the Congo Basin,https://news.yale.edu/2026/07/15/meet-likweli-new-monkey-species-discovered-congo-basin,91,24,2026-07-17T13:15:23.783033+00:00
48877137,Old Icons,https://leancrew.com/all-this/2026/07/old-icons/,77,23,2026-07-17T13:15:23.783033+00:00
48933310,The LLM Critics Are Right. I Use LLMs Anyway,https://www.theocharis.dev/blog/llm-critics-are-right-i-use-llms-anyway/,257,269,2026-07-17T13:15:23.783033+00:00
48945241,AWS: Inaccurate Estimated Billing Data – $1.7 billion,item?id=48945241,200,181,2026-07-17T14:56:43.444255+00:00
48947825,Mozilla: The state of open source AI,https://stateofopensource.ai/,36,7,2026-07-17T14:56:43.444255+00:00
48947548,Show HN: Watch bots interact with an SSH honeypot in real time,https://honeypotlive.cc/,17,2,2026-07-17T14:56:43.444255+00:00
48946783,Minikotlin,https://minikotlin.run,78,18,2026-07-17T14:56:43.444255+00:00
48947714,AI Meets Cryptography 2: What AI Found in OpenVM's ZkVM,https://blog.zksecurity.xyz/posts/openvm-bugs/,14,0,2026-07-17T14:56:43.444255+00:00
48947490,Three ways people respond to a problem (other than solving it),https://improvesomething.today/responses-to-problems/,11,5,2026-07-17T14:56:43.444255+00:00
48947455,A Road to Lisp: Which Lisp,https://scotto.me/blog/2026-07-17-which-lisp/,18,1,2026-07-17T14:56:43.444255+00:00
48947560,First atmosphere found on Earth-like planet in habitable zone of distant star,https://www.bbc.com/news/articles/cy4kdd1e0ejo,19,4,2026-07-17T14:56:43.444255+00:00
48947100,Manufact (YC S25) Is Hiring a Senior infra engineer to build the MCP cloud,https://www.ycombinator.com/companies/manufact/jobs/Dh6PYP5-senior-infrastructure-engineer,0,0,2026-07-17T14:56:43.444255+00:00
48946895,Multi-Primary Color Display Emerges as Next-Gen Color Reproduction Technology,https://en.ubiresearchnet.com/multi-primary-color-display-technology-2026/,36,31,2026-07-17T14:56:43.444255+00:00
48946303,Apple targets dozens of OpenAI employees with legal letters,https://www.ft.com/content/1b8c9d52-88a9-426b-ba47-f1811f859166,163,104,2026-07-17T14:56:43.444255+00:00
48947776,Claude Code: Anatomy of a Misfeature,https://www.olafalders.com/2026/07/17/claude-code-anatomy-of-a-misfeature/,5,0,2026-07-17T14:56:43.444255+00:00
48943745,EEG shows brain can simultaneous encode two speech streams,https://journals.plos.org/plosbiology/article?id=10.1371/journal.pbio.3003876,187,120,2026-07-17T14:56:43.444255+00:00
48947184,PennyLane is an open-source quantum software platform for quantum,https://github.com/PennyLaneAI/pennylane,7,0,2026-07-17T14:56:43.444255+00:00
48946692,VulnHunter: Capital One's agentic AI code security tool,https://www.capitalone.com/tech/open-source/announcing-vulnhunter/,21,12,2026-07-17T14:56:43.444255+00:00
48943174,Pebble Mega Update – July 2026,https://repebble.com/blog/pebble-mega-update-july-2026,196,111,2026-07-17T14:56:43.444255+00:00
48946010,Evidence of inconsistencies in evaluation process and selection of winners,https://www.kaggle.com/competitions/kaggle-measuring-agi/discussion/724918#3498423,384,220,2026-07-17T14:56:43.444255+00:00
48943142,"How Has Roman Concrete Lasted for Millennia? 1,900-Year-Old Latrine Offers Clues",https://www.smithsonianmag.com/smart-news/how-has-roman-concrete-lasted-for-millennia-a-1900-year-old-latrine-offers-new-clues-about-the-materials-impressive-durability-180989115/,203,156,2026-07-17T14:56:43.444255+00:00
48947201,More Bounce to the Ounce – By Maciej Cegłowski,https://mceglowski.substack.com/p/more-bounce-to-the-ounce,6,0,2026-07-17T14:56:43.444255+00:00
48907263,Tannakian Reconstruction,https://bartoszmilewski.com/2026/07/14/tannakian-reconstruction/,10,0,2026-07-17T14:56:43.444255+00:00
48936426,Microsoft Comic Chat is now open source,https://opensource.microsoft.com/blog/2026/07/16/microsoft-comic-chat-is-now-open-source/,747,161,2026-07-17T14:56:43.444255+00:00
48854988,Camera Chase Vehicle,https://transistor-man.com/gimbal_camera_rover.html,90,11,2026-07-17T14:56:43.444255+00:00
48936584,Decoy Font,https://www.mixfont.com/experiments/decoy-font,633,146,2026-07-17T14:56:43.444255+00:00
48862165,An Engineer's Guide to USB Typе-С (2024),https://www.ti.com/lit/eb/slyy228/slyy228.pdf?ts=1759892558029,238,37,2026-07-17T14:56:43.444255+00:00
48935342,Kimi K3: Open Frontier Intelligence,https://www.kimi.com/blog/kimi-k3,1851,1095,2026-07-17T14:56:43.444255+00:00
48939662,LM Studio Bionic: the AI agent for open models,https://lmstudio.ai/blog/introducing-lm-studio-bionic,294,106,2026-07-17T14:56:43.444255+00:00
48939524,$100 AI Music Video: Claude Fable 5 vs. GPT-5.6 Sol,https://www.tryai.dev/blog/ai-music-video-arena-claude-vs-gpt-5.6,330,448,2026-07-17T14:56:43.444255+00:00
48945681,Ask HN: Any AWS billing issues known? Amazon forecast of 3 billion dollars,item?id=48945681,165,85,2026-07-17T14:56:43.444255+00:00
48895199,Solod: Go can be a better C,https://solod.dev,183,111,2026-07-17T14:56:43.444255+00:00
48900686,Turn your singing voice into printable notes (in the browser),https://om-intelligence.ch/projects/vocal-notation/vocal-notation.html,68,22,2026-07-17T14:56:43.444255+00:00
48945241,AWS: Inaccurate Estimated Billing Data – $1.7 billion,item?id=48945241,455,293,2026-07-17T16:13:33.909187+00:00
48947825,Mozilla: The state of open source AI,https://stateofopensource.ai/,122,58,2026-07-17T16:13:33.909187+00:00
48947776,Claude Code: Anatomy of a Misfeature,https://www.olafalders.com/2026/07/17/claude-code-anatomy-of-a-misfeature/,65,32,2026-07-17T16:13:33.909187+00:00
48947560,First atmosphere found on Earth-like planet in habitable zone of distant star,https://www.bbc.com/news/articles/cy4kdd1e0ejo,78,62,2026-07-17T16:13:33.909187+00:00
48947548,Show HN: Watch bots interact with an SSH honeypot in real time,https://honeypotlive.cc/,56,18,2026-07-17T16:13:33.909187+00:00
48947714,AI Meets Cryptography 2: What AI Found in OpenVM's ZkVM,https://blog.zksecurity.xyz/posts/openvm-bugs/,33,0,2026-07-17T16:13:33.909187+00:00
48947455,A Road to Lisp: Which Lisp,https://scotto.me/blog/2026-07-17-which-lisp/,54,17,2026-07-17T16:13:33.909187+00:00
48947490,Three ways people respond to a problem (other than solving it),https://improvesomething.today/responses-to-problems/,48,13,2026-07-17T16:13:33.909187+00:00
48947717,"Kimi K3, and what we can still learn from the pelican benchmark",https://simonwillison.net/2026/Jul/16/kimi-k3/,17,1,2026-07-17T16:13:33.909187+00:00
48948693,Show HN: Explore the Workspaces of Modern Creators,https://workspaces.xyz/,11,8,2026-07-17T16:13:33.909187+00:00
48946895,Multi-Primary Color Display Emerges as Next-Gen Color Reproduction Technology,https://en.ubiresearchnet.com/multi-primary-color-display-technology-2026/,46,38,2026-07-17T16:13:33.909187+00:00
48947100,Manufact (YC S25) Is Hiring a Senior infra engineer to build the MCP cloud,https://www.ycombinator.com/companies/manufact/jobs/Dh6PYP5-senior-infrastructure-engineer,0,0,2026-07-17T16:13:33.909187+00:00
48943745,EEG shows brain can simultaneous encode two speech streams,https://journals.plos.org/plosbiology/article?id=10.1371/journal.pbio.3003876,206,129,2026-07-17T16:13:33.909187+00:00
48947201,More Bounce to the Ounce,https://mceglowski.substack.com/p/more-bounce-to-the-ounce,27,2,2026-07-17T16:13:33.909187+00:00
48946303,Apple targets dozens of OpenAI employees with legal letters,https://www.ft.com/content/1b8c9d52-88a9-426b-ba47-f1811f859166,215,155,2026-07-17T16:13:33.909187+00:00
48947754,Show HN: On-chain bond market where the issuers are AI agents,https://selbonds.now,9,6,2026-07-17T16:13:33.909187+00:00
48947184,PennyLane is an open-source quantum software platform for quantum,https://github.com/PennyLaneAI/pennylane,24,2,2026-07-17T16:13:33.909187+00:00
48946692,VulnHunter: Capital One's agentic AI code security tool,https://www.capitalone.com/tech/open-source/announcing-vulnhunter/,26,16,2026-07-17T16:13:33.909187+00:00
48943174,Pebble Mega Update – July 2026,https://repebble.com/blog/pebble-mega-update-july-2026,212,117,2026-07-17T16:13:33.909187+00:00
48943142,"How Has Roman Concrete Lasted for Millennia? 1,900-Year-Old Latrine Offers Clues",https://www.smithsonianmag.com/smart-news/how-has-roman-concrete-lasted-for-millennia-a-1900-year-old-latrine-offers-new-clues-about-the-materials-impressive-durability-180989115/,218,169,2026-07-17T16:13:33.909187+00:00
48878996,Faster binary search: from compiled code to mechanical sympathy,https://pythonspeed.com/articles/branchless-binary-search/,23,8,2026-07-17T16:13:33.909187+00:00
48936426,Microsoft Comic Chat is now open source,https://opensource.microsoft.com/blog/2026/07/16/microsoft-comic-chat-is-now-open-source/,756,161,2026-07-17T16:13:33.909187+00:00
48908691,Show HN: Simulator for a custom 8-bit discreet logic computer,https://msap2.mehran.dk,3,0,2026-07-17T16:13:33.909187+00:00
48854988,Camera Chase Vehicle,https://transistor-man.com/gimbal_camera_rover.html,114,12,2026-07-17T16:13:33.909187+00:00
48907263,Tannakian Reconstruction,https://bartoszmilewski.com/2026/07/14/tannakian-reconstruction/,15,0,2026-07-17T16:13:33.909187+00:00
48936584,Decoy Font,https://www.mixfont.com/experiments/decoy-font,644,146,2026-07-17T16:13:33.909187+00:00
48946010,Evidence of inconsistencies in evaluation process and selection of winners,https://www.kaggle.com/competitions/kaggle-measuring-agi/discussion/724918#3498423,395,238,2026-07-17T16:13:33.909187+00:00
48935342,Kimi K3: Open Frontier Intelligence,https://www.kimi.com/blog/kimi-k3,1889,1116,2026-07-17T16:13:33.909187+00:00
48862165,An Engineer's Guide to USB Typе-С (2024),https://www.ti.com/lit/eb/slyy228/slyy228.pdf?ts=1759892558029,253,42,2026-07-17T16:13:33.909187+00:00
48939524,$100 AI Music Video: Claude Fable 5 vs. GPT-5.6 Sol,https://www.tryai.dev/blog/ai-music-video-arena-claude-vs-gpt-5.6,347,471,2026-07-17T16:13:33.909187+00:00
48945241,AWS: Inaccurate Estimated Billing Data – $1.7 billion,item?id=48945241,626,361,2026-07-17T17:36:24.132893+00:00
48947560,First atmosphere found on Earth-like planet in habitable zone of distant star,https://www.bbc.com/news/articles/cy4kdd1e0ejo,129,100,2026-07-17T17:36:24.132893+00:00
48947825,Mozilla: The state of open source AI,https://stateofopensource.ai/,198,135,2026-07-17T17:36:24.132893+00:00
48947455,A Road to Lisp: Which Lisp,https://scotto.me/blog/2026-07-17-which-lisp/,90,49,2026-07-17T17:36:24.132893+00:00
48947717,"Kimi K3, and what we can still learn from the pelican benchmark",https://simonwillison.net/2026/Jul/16/kimi-k3/,76,38,2026-07-17T17:36:24.132893+00:00
48947490,Three ways people respond to a problem (other than solving it),https://improvesomething.today/responses-to-problems/,81,31,2026-07-17T17:36:24.132893+00:00
48947714,AI Meets Cryptography 2: What AI Found in OpenVM's ZkVM,https://blog.zksecurity.xyz/posts/openvm-bugs/,52,0,2026-07-17T17:36:24.132893+00:00
48947548,Show HN: Watch bots interact with an SSH honeypot in real time,https://honeypotlive.cc/,77,31,2026-07-17T17:36:24.132893+00:00
48948597,Frame – the first Linux Assembly X server,https://isene.org/2026/07/Frame.html,21,8,2026-07-17T17:36:24.132893+00:00
48947201,More Bounce to the Ounce,https://mceglowski.substack.com/p/more-bounce-to-the-ounce,47,9,2026-07-17T17:36:24.132893+00:00
48943745,EEG shows brain can simultaneous encode two speech streams,https://journals.plos.org/plosbiology/article?id=10.1371/journal.pbio.3003876,215,139,2026-07-17T17:36:24.132893+00:00
48948693,Show HN: Explore the Workspaces of Modern Creators,https://workspaces.xyz/,24,21,2026-07-17T17:36:24.132893+00:00
48947100,Manufact (YC S25) Is Hiring a Senior infra engineer to build the MCP cloud,https://www.ycombinator.com/companies/manufact/jobs/Dh6PYP5-senior-infrastructure-engineer,0,0,2026-07-17T17:36:24.132893+00:00
48946303,Apple targets dozens of OpenAI employees with legal letters,https://www.ft.com/content/1b8c9d52-88a9-426b-ba47-f1811f859166,257,204,2026-07-17T17:36:24.132893+00:00
48943174,Pebble Mega Update – July 2026,https://repebble.com/blog/pebble-mega-update-july-2026,224,135,2026-07-17T17:36:24.132893+00:00
48908691,Show HN: Simulator for a custom 8-bit discreet logic computer,https://msap2.mehran.dk,10,1,2026-07-17T17:36:24.132893+00:00
48947184,PennyLane is an open-source quantum software platform for quantum,https://github.com/PennyLaneAI/pennylane,31,3,2026-07-17T17:36:24.132893+00:00
48946692,VulnHunter: Capital One's agentic AI code security tool,https://www.capitalone.com/tech/open-source/announcing-vulnhunter/,32,19,2026-07-17T17:36:24.132893+00:00
48947776,Claude Code: Anatomy of a Misfeature,https://www.olafalders.com/2026/07/17/claude-code-anatomy-of-a-misfeature/,105,73,2026-07-17T17:36:24.132893+00:00
48887102,Frank Lloyd Wright's First Home,https://www.architecturaldigest.com/story/frank-lloyd-wright-home-and-studio-everything-you-need-to-know,7,0,2026-07-17T17:36:24.132893+00:00
48878996,Faster binary search: from compiled code to mechanical sympathy,https://pythonspeed.com/articles/branchless-binary-search/,31,10,2026-07-17T17:36:24.132893+00:00
48936426,Microsoft Comic Chat is now open source,https://opensource.microsoft.com/blog/2026/07/16/microsoft-comic-chat-is-now-open-source/,766,162,2026-07-17T17:36:24.132893+00:00
48854988,Camera Chase Vehicle,https://transistor-man.com/gimbal_camera_rover.html,138,14,2026-07-17T17:36:24.132893+00:00
48907263,Tannakian Reconstruction,https://bartoszmilewski.com/2026/07/14/tannakian-reconstruction/,19,1,2026-07-17T17:36:24.132893+00:00
48936584,Decoy Font,https://www.mixfont.com/experiments/decoy-font,651,147,2026-07-17T17:36:24.132893+00:00
48935342,Kimi K3: Open Frontier Intelligence,https://www.kimi.com/blog/kimi-k3,1914,1121,2026-07-17T17:36:24.132893+00:00
48948435,Short sellers notch $8.7B profit as SpaceX shares dip to IPO price,https://www.reuters.com/business/media-telecom/short-sellers-rack-up-87-bln-profit-spacex-slips-below-ipo-price-ortex-2026-07-16/,30,5,2026-07-17T17:36:24.132893+00:00
48943142,"How Has Roman Concrete Lasted for Millennia? 1,900-Year-Old Latrine Offers Clues",https://www.smithsonianmag.com/smart-news/how-has-roman-concrete-lasted-for-millennia-a-1900-year-old-latrine-offers-new-clues-about-the-materials-impressive-durability-180989115/,231,183,2026-07-17T17:36:24.132893+00:00
48862165,An Engineer's Guide to USB Typе-С (2024),https://www.ti.com/lit/eb/slyy228/slyy228.pdf?ts=1759892558029,260,54,2026-07-17T17:36:24.132893+00:00
48939524,$100 AI Music Video: Claude Fable 5 vs. GPT-5.6 Sol,https://www.tryai.dev/blog/ai-music-video-arena-claude-vs-gpt-5.6,363,482,2026-07-17T17:36:24.132893+00:00
48945241,AWS: Inaccurate Estimated Billing Data – $1.7 billion,item?id=48945241,752,419,2026-07-17T18:59:06.990793+00:00
48947560,First atmosphere found on Earth-like planet in habitable zone of distant star,https://www.bbc.com/news/articles/cy4kdd1e0ejo,214,151,2026-07-17T18:59:06.990793+00:00
48947717,"Kimi K3, and what we can still learn from the pelican benchmark",https://simonwillison.net/2026/Jul/16/kimi-k3/,127,76,2026-07-17T18:59:06.990793+00:00
48947825,Mozilla: The state of open source AI,https://stateofopensource.ai/,249,173,2026-07-17T18:59:06.990793+00:00
48948597,Frame – the first Linux Assembly X server,https://isene.org/2026/07/Frame.html,58,33,2026-07-17T18:59:06.990793+00:00
48947490,Three ways people respond to a problem (other than solving it),https://improvesomething.today/responses-to-problems/,113,51,2026-07-17T18:59:06.990793+00:00
48947455,A Road to Lisp: Which Lisp,https://scotto.me/blog/2026-07-17-which-lisp/,113,75,2026-07-17T18:59:06.990793+00:00
48947548,Show HN: Watch bots interact with an SSH honeypot in real time,https://honeypotlive.cc/,99,37,2026-07-17T18:59:06.990793+00:00
48947714,AI Meets Cryptography 2: What AI Found in OpenVM's ZkVM,https://blog.zksecurity.xyz/posts/openvm-bugs/,59,0,2026-07-17T18:59:06.990793+00:00
48887102,Frank Lloyd Wright's First Home,https://www.architecturaldigest.com/story/frank-lloyd-wright-home-and-studio-everything-you-need-to-know,28,13,2026-07-17T18:59:06.990793+00:00
48949184,Designing emoji for the way we communicate today,https://blog.google/products-and-platforms/platforms/android/world-emoji-day-noto-3d/,24,15,2026-07-17T18:59:06.990793+00:00
48950122,Learning a few things about running SQLite,https://jvns.ca/blog/2026/07/17/learning-about-running-sqlite/,13,0,2026-07-17T18:59:06.990793+00:00
48948693,Show HN: Explore the Workspaces of Modern Creators,https://workspaces.xyz/,35,28,2026-07-17T18:59:06.990793+00:00
48947201,More Bounce to the Ounce,https://mceglowski.substack.com/p/more-bounce-to-the-ounce,66,18,2026-07-17T18:59:06.990793+00:00
48943745,EEG shows brain can simultaneous encode two speech streams,https://journals.plos.org/plosbiology/article?id=10.1371/journal.pbio.3003876,228,148,2026-07-17T18:59:06.990793+00:00
48947100,Manufact (YC S25) Is Hiring a Senior infra engineer to build the MCP cloud,https://www.ycombinator.com/companies/manufact/jobs/Dh6PYP5-senior-infrastructure-engineer,0,0,2026-07-17T18:59:06.990793+00:00
48946303,Apple targets dozens of OpenAI employees with legal letters,https://www.ft.com/content/1b8c9d52-88a9-426b-ba47-f1811f859166,295,234,2026-07-17T18:59:06.990793+00:00
48943174,Pebble Mega Update – July 2026,https://repebble.com/blog/pebble-mega-update-july-2026,236,152,2026-07-17T18:59:06.990793+00:00
48878996,Faster binary search: from compiled code to mechanical sympathy,https://pythonspeed.com/articles/branchless-binary-search/,41,11,2026-07-17T18:59:06.990793+00:00
48948435,Short sellers notch $8.7B profit as SpaceX shares dip to IPO price,https://www.reuters.com/business/media-telecom/short-sellers-rack-up-87-bln-profit-spacex-slips-below-ipo-price-ortex-2026-07-16/,77,41,2026-07-17T18:59:06.990793+00:00
48946692,VulnHunter: Capital One's agentic AI code security tool,https://www.capitalone.com/tech/open-source/announcing-vulnhunter/,43,27,2026-07-17T18:59:06.990793+00:00
48896513,Latent Space as a New Medium,https://kevinkelly.substack.com/p/latent-space-as-a-new-medium,50,18,2026-07-17T18:59:06.990793+00:00
48949240,Homomorphically encrypted CIFAR-10 inference in 200ms,https://sofar.belfortlabs.cloud/,9,4,2026-07-17T18:59:06.990793+00:00
48936426,Microsoft Comic Chat is now open source,https://opensource.microsoft.com/blog/2026/07/16/microsoft-comic-chat-is-now-open-source/,779,167,2026-07-17T18:59:06.990793+00:00
48854988,Camera Chase Vehicle,https://transistor-man.com/gimbal_camera_rover.html,158,18,2026-07-17T18:59:06.990793+00:00
48936584,Decoy Font,https://www.mixfont.com/experiments/decoy-font,667,149,2026-07-17T18:59:06.990793+00:00
48908691,Show HN: Simulator for a custom 8-bit discreet logic computer,https://msap2.mehran.dk,13,3,2026-07-17T18:59:06.990793+00:00
48935342,Kimi K3: Open Frontier Intelligence,https://www.kimi.com/blog/kimi-k3,1942,1131,2026-07-17T18:59:06.990793+00:00
48947184,PennyLane is an open-source quantum software platform for quantum,https://github.com/PennyLaneAI/pennylane,35,5,2026-07-17T18:59:06.990793+00:00
48907263,Tannakian Reconstruction,https://bartoszmilewski.com/2026/07/14/tannakian-reconstruction/,24,2,2026-07-17T18:59:06.990793+00:00
48945241,AWS: Inaccurate Estimated Billing Data – $1.7 billion,item?id=48945241,839,464,2026-07-17T20:09:03.249079+00:00
48951461,The Zilog Z80 has turned 50,https://goliath32.com/blog/z80.html,16,0,2026-07-17T20:09:03.249079+00:00
48947560,First atmosphere found on Earth-like planet in habitable zone of distant star,https://www.bbc.com/news/articles/cy4kdd1e0ejo,259,182,2026-07-17T20:09:03.249079+00:00
48950122,Learning a few things about running SQLite,https://jvns.ca/blog/2026/07/17/learning-about-running-sqlite/,65,10,2026-07-17T20:09:03.249079+00:00
48948597,Frame – Linux X server in Assembly,https://isene.org/2026/07/Frame.html,99,55,2026-07-17T20:09:03.249079+00:00
48947717,"Kimi K3, and what we can still learn from the pelican benchmark",https://simonwillison.net/2026/Jul/16/kimi-k3/,181,106,2026-07-17T20:09:03.249079+00:00
48947825,The state of open source AI,https://stateofopensource.ai/,288,196,2026-07-17T20:09:03.249079+00:00
48947490,Three ways people respond to a problem (other than solving it),https://improvesomething.today/responses-to-problems/,145,69,2026-07-17T20:09:03.249079+00:00
48887102,Frank Lloyd Wright’s first home,https://www.architecturaldigest.com/story/frank-lloyd-wright-home-and-studio-everything-you-need-to-know,42,22,2026-07-17T20:09:03.249079+00:00
48947455,A Road to Lisp: Which Lisp,https://scotto.me/blog/2026-07-17-which-lisp/,134,86,2026-07-17T20:09:03.249079+00:00
48947714,AI Meets Cryptography 2: What AI Found in OpenVM's ZkVM,https://blog.zksecurity.xyz/posts/openvm-bugs/,67,0,2026-07-17T20:09:03.249079+00:00
48950774,Show HN: A zoomable timeline of 4M Wikipedia events,https://app.everything.diena.co/,10,4,2026-07-17T20:09:03.249079+00:00
48947548,Show HN: Watch bots interact with an SSH honeypot in real time,https://honeypotlive.cc/,110,44,2026-07-17T20:09:03.249079+00:00
48947201,More Bounce to the Ounce,https://mceglowski.substack.com/p/more-bounce-to-the-ounce,78,25,2026-07-17T20:09:03.249079+00:00
48948693,Show HN: Explore the Workspaces of Modern Creators,https://workspaces.xyz/,41,32,2026-07-17T20:09:03.249079+00:00
48943745,EEG shows brain can simultaneous encode two speech streams,https://journals.plos.org/plosbiology/article?id=10.1371/journal.pbio.3003876,237,153,2026-07-17T20:09:03.249079+00:00
48910579,MoonBASIC: A modern BASIC for building 2D and 3D games,https://github.com/CharmingBlaze/moonbasic,11,2,2026-07-17T20:09:03.249079+00:00
48943174,Pebble Mega Update – July 2026,https://repebble.com/blog/pebble-mega-update-july-2026,243,158,2026-07-17T20:09:03.249079+00:00
48878996,Faster binary search: from compiled code to mechanical sympathy,https://pythonspeed.com/articles/branchless-binary-search/,48,11,2026-07-17T20:09:03.249079+00:00
48947100,Manufact (YC S25) Is Hiring a Senior infra engineer to build the MCP cloud,https://www.ycombinator.com/companies/manufact/jobs/Dh6PYP5-senior-infrastructure-engineer,0,0,2026-07-17T20:09:03.249079+00:00
48946303,Apple targets dozens of OpenAI employees with legal letters,https://www.ft.com/content/1b8c9d52-88a9-426b-ba47-f1811f859166,320,264,2026-07-17T20:09:03.249079+00:00
48896513,Latent Space as a New Medium,https://kevinkelly.substack.com/p/latent-space-as-a-new-medium,59,18,2026-07-17T20:09:03.249079+00:00
48950580,SpaceX stock drops to a new low and loses $1T in value in a month,https://www.businessinsider.com/spacex-stock-drops-new-low-ipo-price-starship-launch-scrubbed-2026-7,48,34,2026-07-17T20:09:03.249079+00:00
48948435,Short sellers notch $8.7B profit as SpaceX shares dip to IPO price,https://www.reuters.com/business/media-telecom/short-sellers-rack-up-87-bln-profit-spacex-slips-below-ipo-price-ortex-2026-07-16/,110,80,2026-07-17T20:09:03.249079+00:00
48854988,Camera Chase Vehicle,https://transistor-man.com/gimbal_camera_rover.html,172,18,2026-07-17T20:09:03.249079+00:00
48936584,Decoy Font,https://www.mixfont.com/experiments/decoy-font,677,152,2026-07-17T20:09:03.249079+00:00
48946692,VulnHunter: Capital One's agentic AI code security tool,https://www.capitalone.com/tech/open-source/announcing-vulnhunter/,47,28,2026-07-17T20:09:03.249079+00:00
48935342,Kimi K3: Open Frontier Intelligence,https://www.kimi.com/blog/kimi-k3,1964,1139,2026-07-17T20:09:03.249079+00:00
48949240,Homomorphically encrypted CIFAR-10 inference in 200ms,https://sofar.belfortlabs.cloud/,18,17,2026-07-17T20:09:03.249079+00:00
48908691,Show HN: Simulator for a custom 8-bit discreet logic computer,https://msap2.mehran.dk,16,4,2026-07-17T20:09:03.249079+00:00
48951461,The Zilog Z80 has turned 50,https://goliath32.com/blog/z80.html,72,16,2026-07-17T21:13:52.550207+00:00
48945241,AWS: Inaccurate Estimated Billing Data – $1.7 billion,item?id=48945241,906,489,2026-07-17T21:13:52.550207+00:00
48947560,First atmosphere found on Earth-like planet in habitable zone of distant star,https://www.bbc.com/news/articles/cy4kdd1e0ejo,289,200,2026-07-17T21:13:52.550207+00:00
48950122,Learning a few things about running SQLite,https://jvns.ca/blog/2026/07/17/learning-about-running-sqlite/,93,22,2026-07-17T21:13:52.550207+00:00
48948597,Frame – Linux X server in Assembly,https://isene.org/2026/07/Frame.html,112,72,2026-07-17T21:13:52.550207+00:00
48947717,"Kimi K3, and what we can still learn from the pelican benchmark",https://simonwillison.net/2026/Jul/16/kimi-k3/,207,121,2026-07-17T21:13:52.550207+00:00
48947490,Three ways people respond to a problem (other than solving it),https://improvesomething.today/responses-to-problems/,156,81,2026-07-17T21:13:52.550207+00:00
48947825,The state of open source AI,https://stateofopensource.ai/,317,222,2026-07-17T21:13:52.550207+00:00
48951014,ICE Flight Monitor Interactive Dashboard,https://www.humanrightsfirst.org/ice-flight-monitor-interactive-dashboard,44,11,2026-07-17T21:13:52.550207+00:00
48887102,Frank Lloyd Wright’s first home,https://www.architecturaldigest.com/story/frank-lloyd-wright-home-and-studio-everything-you-need-to-know,51,29,2026-07-17T21:13:52.550207+00:00
48950774,Show HN: A zoomable timeline of 4M Wikipedia events,https://app.everything.diena.co/,24,14,2026-07-17T21:13:52.550207+00:00
48947714,AI Meets Cryptography 2: What AI Found in OpenVM's ZkVM,https://blog.zksecurity.xyz/posts/openvm-bugs/,74,1,2026-07-17T21:13:52.550207+00:00
48947548,Show HN: Watch bots interact with an SSH honeypot in real time,https://honeypotlive.cc/,125,48,2026-07-17T21:13:52.550207+00:00
48947201,More Bounce to the Ounce,https://mceglowski.substack.com/p/more-bounce-to-the-ounce,91,30,2026-07-17T21:13:52.550207+00:00
48947455,A Road to Lisp: Which Lisp,https://scotto.me/blog/2026-07-17-which-lisp/,149,99,2026-07-17T21:13:52.550207+00:00
48948693,Workspaces – Explore the workspaces of modern creators,https://workspaces.xyz/,55,42,2026-07-17T21:13:52.550207+00:00
48899847,Lobste.rs is now running on SQLite,https://lobste.rs/s/ko1ji1,33,3,2026-07-17T21:13:52.550207+00:00
48943745,EEG shows brain can simultaneous encode two speech streams,https://journals.plos.org/plosbiology/article?id=10.1371/journal.pbio.3003876,240,157,2026-07-17T21:13:52.550207+00:00
48900287,Estimating the heights of New Yorkers from their scuff marks,https://blog.jse.li/posts/smith9street/,24,6,2026-07-17T21:13:52.550207+00:00
48910579,MoonBASIC: A modern BASIC for building 2D and 3D games,https://github.com/CharmingBlaze/moonbasic,19,5,2026-07-17T21:13:52.550207+00:00
48943174,Pebble Mega Update – July 2026,https://repebble.com/blog/pebble-mega-update-july-2026,251,162,2026-07-17T21:13:52.550207+00:00
48947100,Manufact (YC S25) Is Hiring a Senior infra engineer to build the MCP cloud,https://www.ycombinator.com/companies/manufact/jobs/Dh6PYP5-senior-infrastructure-engineer,0,0,2026-07-17T21:13:52.550207+00:00
48878996,Faster binary search: from compiled code to mechanical sympathy,https://pythonspeed.com/articles/branchless-binary-search/,55,11,2026-07-17T21:13:52.550207+00:00
48896513,Latent Space as a New Medium,https://kevinkelly.substack.com/p/latent-space-as-a-new-medium,66,20,2026-07-17T21:13:52.550207+00:00
48946303,Apple targets dozens of OpenAI employees with legal letters,https://www.ft.com/content/1b8c9d52-88a9-426b-ba47-f1811f859166,347,297,2026-07-17T21:13:52.550207+00:00
48950518,Lego building instructions through time,https://www.lego.com/en-us/history/articles/d-lego-building-instructions-through-time,10,3,2026-07-17T21:13:52.550207+00:00
48949240,Homomorphically encrypted CIFAR-10 inference in 200ms,https://sofar.belfortlabs.cloud/,29,28,2026-07-17T21:13:52.550207+00:00
48854988,Camera Chase Vehicle,https://transistor-man.com/gimbal_camera_rover.html,187,20,2026-07-17T21:13:52.550207+00:00
48936584,Decoy Font,https://www.mixfont.com/experiments/decoy-font,685,153,2026-07-17T21:13:52.550207+00:00
48935342,Kimi K3: Open Frontier Intelligence,https://www.kimi.com/blog/kimi-k3,1981,1153,2026-07-17T21:13:52.550207+00:00
48951461,The Zilog Z80 has turned 50,https://goliath32.com/blog/z80.html,110,27,2026-07-17T22:12:46.179528+00:00
48945241,AWS: Inaccurate Estimated Billing Data – $1.7 billion,item?id=48945241,947,606,2026-07-17T22:12:46.179528+00:00
48947560,First atmosphere found on Earth-like planet in habitable zone of distant star,https://www.bbc.com/news/articles/cy4kdd1e0ejo,313,210,2026-07-17T22:12:46.179528+00:00
48949551,Thanks HN for 15 years of support and helping me find my life's work,item?id=48949551,99,4,2026-07-17T22:12:46.179528+00:00
48950122,Learning a few things about running SQLite,https://jvns.ca/blog/2026/07/17/learning-about-running-sqlite/,108,24,2026-07-17T22:12:46.179528+00:00
48947717,"Kimi K3, and what we can still learn from the pelican benchmark",https://simonwillison.net/2026/Jul/16/kimi-k3/,227,126,2026-07-17T22:12:46.179528+00:00
48948597,Frame – Linux X server in Assembly,https://isene.org/2026/07/Frame.html,123,83,2026-07-17T22:12:46.179528+00:00
48899847,Lobste.rs is now running on SQLite,https://lobste.rs/s/ko1ji1,81,37,2026-07-17T22:12:46.179528+00:00
48952450,I built a digital F1 garage to learn how Formula 1 cars work,https://paddockpass.app,6,1,2026-07-17T22:12:46.179528+00:00
48947825,The state of open source AI,https://stateofopensource.ai/,334,237,2026-07-17T22:12:46.179528+00:00
48947490,Three ways people respond to a problem (other than solving it),https://improvesomething.today/responses-to-problems/,169,92,2026-07-17T22:12:46.179528+00:00
48952439,"FAA lets Boeing sign off on 737 MAX, 787 airworthiness certificates again",https://www.cnbc.com/2026/07/17/faa-boeing-737-max-787.html,36,8,2026-07-17T22:12:46.179528+00:00
48887102,Frank Lloyd Wright’s first home,https://www.architecturaldigest.com/story/frank-lloyd-wright-home-and-studio-everything-you-need-to-know,61,31,2026-07-17T22:12:46.179528+00:00
48950774,Show HN: A zoomable timeline of 4M Wikipedia events,https://app.everything.diena.co/,32,17,2026-07-17T22:12:46.179528+00:00
48947714,AI Meets Cryptography 2: What AI Found in OpenVM's ZkVM,https://blog.zksecurity.xyz/posts/openvm-bugs/,77,2,2026-07-17T22:12:46.179528+00:00
48947548,Show HN: Watch bots interact with an SSH honeypot in real time,https://honeypotlive.cc/,129,48,2026-07-17T22:12:46.179528+00:00
48947201,More Bounce to the Ounce,https://mceglowski.substack.com/p/more-bounce-to-the-ounce,98,35,2026-07-17T22:12:46.179528+00:00
48947455,A Road to Lisp: Which Lisp,https://scotto.me/blog/2026-07-17-which-lisp/,160,107,2026-07-17T22:12:46.179528+00:00
48948693,Workspaces – Explore the workspaces of modern creators,https://workspaces.xyz/,61,45,2026-07-17T22:12:46.179528+00:00
48910579,MoonBASIC: A modern BASIC for building 2D and 3D games,https://github.com/CharmingBlaze/moonbasic,26,7,2026-07-17T22:12:46.179528+00:00
48950518,Lego building instructions through time,https://www.lego.com/en-us/history/articles/d-lego-building-instructions-through-time,22,5,2026-07-17T22:12:46.179528+00:00
48943745,EEG shows brain can simultaneous encode two speech streams,https://journals.plos.org/plosbiology/article?id=10.1371/journal.pbio.3003876,244,161,2026-07-17T22:12:46.179528+00:00
48943174,Pebble Mega Update – July 2026,https://repebble.com/blog/pebble-mega-update-july-2026,253,169,2026-07-17T22:12:46.179528+00:00
48947100,Manufact (YC S25) Is Hiring a Senior infra engineer to build the MCP cloud,https://www.ycombinator.com/companies/manufact/jobs/Dh6PYP5-senior-infrastructure-engineer,0,0,2026-07-17T22:12:46.179528+00:00
48900287,Estimating the heights of New Yorkers from their scuff marks,https://blog.jse.li/posts/smith9street/,31,7,2026-07-17T22:12:46.179528+00:00
48949240,Homomorphically encrypted CIFAR-10 inference in 200ms,https://sofar.belfortlabs.cloud/,42,28,2026-07-17T22:12:46.179528+00:00
48896513,Latent Space as a New Medium,https://kevinkelly.substack.com/p/latent-space-as-a-new-medium,70,23,2026-07-17T22:12:46.179528+00:00
48946303,Apple targets dozens of OpenAI employees with legal letters,https://www.ft.com/content/1b8c9d52-88a9-426b-ba47-f1811f859166,363,306,2026-07-17T22:12:46.179528+00:00
48878996,Faster binary search: from compiled code to mechanical sympathy,https://pythonspeed.com/articles/branchless-binary-search/,56,12,2026-07-17T22:12:46.179528+00:00
48854988,Camera Chase Vehicle,https://transistor-man.com/gimbal_camera_rover.html,198,21,2026-07-17T22:12:46.179528+00:00
48952880,"Kaiser nurses say AI, workplace surveillance are making their jobs, care worse",https://localnewsmatters.org/2026/07/15/kaiser-nurses-say-ai-workplace-surveillance-are-making-their-jobs-and-patient-care-worse/,71,50,2026-07-17T23:15:47.754752+00:00
48951461,The Zilog Z80 has turned 50,https://goliath32.com/blog/z80.html,136,36,2026-07-17T23:15:47.754752+00:00
48945241,AWS: Inaccurate Estimated Billing Data – $1.7 billion,item?id=48945241,985,615,2026-07-17T23:15:47.754752+00:00
48949551,Thanks HN for 15 years of support and helping me find my life's work,item?id=48949551,191,14,2026-07-17T23:15:47.754752+00:00
48947560,First atmosphere found on Earth-like planet in habitable zone of distant star,https://www.bbc.com/news/articles/cy4kdd1e0ejo,334,218,2026-07-17T23:15:47.754752+00:00
48950122,Learning a few things about running SQLite,https://jvns.ca/blog/2026/07/17/learning-about-running-sqlite/,129,28,2026-07-17T23:15:47.754752+00:00
48947717,"Kimi K3, and what we can still learn from the pelican benchmark",https://simonwillison.net/2026/Jul/16/kimi-k3/,241,136,2026-07-17T23:15:47.754752+00:00
48952439,"FAA lets Boeing sign off on 737 MAX, 787 airworthiness certificates again",https://www.cnbc.com/2026/07/17/faa-boeing-737-max-787.html,73,35,2026-07-17T23:15:47.754752+00:00
48952067,Topcoat: The full full-stack framework for Rust,https://github.com/tokio-rs/topcoat,16,4,2026-07-17T23:15:47.754752+00:00
48947825,The state of open source AI,https://stateofopensource.ai/,352,251,2026-07-17T23:15:47.754752+00:00
48951780,Painting the sides of railroad rails white to reduce derailment,https://www.up.com/news/safety/Tracking-Rail-Heat-260608,12,1,2026-07-17T23:15:47.754752+00:00
48952135,Open Book Touch: open-source e-reader,https://www.crowdsupply.com/oddly-specific-objects/open-book-touch,13,1,2026-07-17T23:15:47.754752+00:00
48951898,Static search trees: 40x faster than binary search (2024),https://curiouscoding.nl/posts/static-search-tree/,10,0,2026-07-17T23:15:47.754752+00:00
48950774,Show HN: A zoomable timeline of 4M Wikipedia events,https://app.everything.diena.co/,40,21,2026-07-17T23:15:47.754752+00:00
48887102,Frank Lloyd Wright’s first home,https://www.architecturaldigest.com/story/frank-lloyd-wright-home-and-studio-everything-you-need-to-know,67,37,2026-07-17T23:15:47.754752+00:00
48952773,The US grocery slowdown is real,https://www.bain.com/insights/the-us-grocery-slowdown-is-real-snap-chart/,42,48,2026-07-17T23:15:47.754752+00:00
48947548,Show HN: Watch bots interact with an SSH honeypot in real time,https://honeypotlive.cc/,135,48,2026-07-17T23:15:47.754752+00:00
48910579,MoonBASIC: A modern BASIC for building 2D and 3D games,https://github.com/CharmingBlaze/moonbasic,37,9,2026-07-17T23:15:47.754752+00:00
48899847,Lobste.rs is now running on SQLite,https://lobste.rs/s/ko1ji1,107,77,2026-07-17T23:15:47.754752+00:00
48947201,More Bounce to the Ounce,https://mceglowski.substack.com/p/more-bounce-to-the-ounce,102,37,2026-07-17T23:15:47.754752+00:00
48948693,Workspaces – Explore the workspaces of modern creators,https://workspaces.xyz/,64,50,2026-07-17T23:15:47.754752+00:00
48950518,Lego building instructions through time,https://www.lego.com/en-us/history/articles/d-lego-building-instructions-through-time,35,7,2026-07-17T23:15:47.754752+00:00
48947714,AI Meets Cryptography 2: What AI Found in OpenVM's ZkVM,https://blog.zksecurity.xyz/posts/openvm-bugs/,79,3,2026-07-17T23:15:47.754752+00:00
48947490,Three ways people respond to a problem (other than solving it),https://improvesomething.today/responses-to-problems/,175,107,2026-07-17T23:15:47.754752+00:00
48949240,Homomorphically encrypted CIFAR-10 inference in 200ms,https://sofar.belfortlabs.cloud/,58,30,2026-07-17T23:15:47.754752+00:00
48947100,Manufact (YC S25) Is Hiring a Senior infra engineer to build the MCP cloud,https://www.ycombinator.com/companies/manufact/jobs/Dh6PYP5-senior-infrastructure-engineer,0,0,2026-07-17T23:15:47.754752+00:00
48949184,Designing emoji for the way we communicate today,https://blog.google/products-and-platforms/platforms/android/world-emoji-day-noto-3d/,42,63,2026-07-17T23:15:47.754752+00:00
48946010,Evidence of inconsistencies in evaluation process and selection of winners,https://www.kaggle.com/competitions/kaggle-measuring-agi/discussion/724918#3498423,428,268,2026-07-17T23:15:47.754752+00:00
48896513,Latent Space as a New Medium,https://kevinkelly.substack.com/p/latent-space-as-a-new-medium,79,24,2026-07-17T23:15:47.754752+00:00
48947455,A Road to Lisp: Which Lisp,https://scotto.me/blog/2026-07-17-which-lisp/,170,117,2026-07-17T23:15:47.754752+00:00
48952880,"Kaiser nurses say AI, workplace surveillance are making their jobs, care worse",https://localnewsmatters.org/2026/07/15/kaiser-nurses-say-ai-workplace-surveillance-are-making-their-jobs-and-patient-care-worse/,206,133,2026-07-18T00:53:09.471423+00:00
48952939,Texas wins court order to suspend domain name for violating age-verification law,https://www.texasattorneygeneral.gov/news/releases/attorney-general-ken-paxton-secures-landmark-legal-victory-lock-pornographic-website-domain-and,88,68,2026-07-18T00:53:09.471423+00:00
48945241,AWS: Inaccurate Estimated Billing Data – $1.7 billion,item?id=48945241,1021,636,2026-07-18T00:53:09.471423+00:00
48951461,The Zilog Z80 has turned 50,https://goliath32.com/blog/z80.html,155,45,2026-07-18T00:53:09.471423+00:00
48949551,Thanks HN for 15 years of support and helping me find my life's work,item?id=48949551,261,23,2026-07-18T00:53:09.471423+00:00
48953406,The Isomorphic Labs Drug Design Engine unlocks a new frontier beyond AlphaFold,https://www.isomorphiclabs.com/articles/the-isomorphic-labs-drug-design-engine-unlocks-a-new-frontier,18,0,2026-07-18T00:53:09.471423+00:00
48896149,Vāgdhenu: A Sanskrit Chanting TTS System,https://prathosh.in/vagdhenu/,18,0,2026-07-18T00:53:09.471423+00:00
48947560,First atmosphere found on Earth-like planet in habitable zone of distant star,https://www.bbc.com/news/articles/cy4kdd1e0ejo,358,223,2026-07-18T00:53:09.471423+00:00
48950122,Learning a few things about running SQLite,https://jvns.ca/blog/2026/07/17/learning-about-running-sqlite/,152,38,2026-07-18T00:53:09.471423+00:00
48947717,"Kimi K3, and what we can still learn from the pelican benchmark",https://simonwillison.net/2026/Jul/16/kimi-k3/,265,143,2026-07-18T00:53:09.471423+00:00
48951898,Static search trees: 40x faster than binary search (2024),https://curiouscoding.nl/posts/static-search-tree/,32,2,2026-07-18T00:53:09.471423+00:00
48952067,Topcoat: The full full-stack framework for Rust,https://github.com/tokio-rs/topcoat,30,20,2026-07-18T00:53:09.471423+00:00
48952135,Open Book Touch: open-source e-reader,https://www.crowdsupply.com/oddly-specific-objects/open-book-touch,42,8,2026-07-18T00:53:09.471423+00:00
48952439,"FAA lets Boeing sign off on 737 MAX, 787 airworthiness certificates again",https://www.cnbc.com/2026/07/17/faa-boeing-737-max-787.html,104,59,2026-07-18T00:53:09.471423+00:00
48951780,Painting the sides of railroad rails white to reduce derailment,https://www.up.com/news/safety/Tracking-Rail-Heat-260608,30,9,2026-07-18T00:53:09.471423+00:00
48947825,The state of open source AI,https://stateofopensource.ai/,363,263,2026-07-18T00:53:09.471423+00:00
48950774,Show HN: A zoomable timeline of 4M Wikipedia events,https://app.everything.diena.co/,52,23,2026-07-18T00:53:09.471423+00:00
48863036,"""Disk Not Ejected Properly"": What It Means",https://bombich.com/blog/2026/07/07/disk-not-ejected-properly,17,5,2026-07-18T00:53:09.471423+00:00
48887102,Frank Lloyd Wright’s first home,https://www.architecturaldigest.com/story/frank-lloyd-wright-home-and-studio-everything-you-need-to-know,71,41,2026-07-18T00:53:09.471423+00:00
48950518,Lego building instructions through time,https://www.lego.com/en-us/history/articles/d-lego-building-instructions-through-time,51,9,2026-07-18T00:53:09.471423+00:00
48910579,MoonBASIC: A modern BASIC for building 2D and 3D games,https://github.com/CharmingBlaze/moonbasic,47,12,2026-07-18T00:53:09.471423+00:00
48899847,Lobste.rs is now running on SQLite,https://lobste.rs/s/ko1ji1,144,107,2026-07-18T00:53:09.471423+00:00
48947490,Three ways people respond to a problem (other than solving it),https://improvesomething.today/responses-to-problems/,189,109,2026-07-18T00:53:09.471423+00:00
48947548,Show HN: Watch bots interact with an SSH honeypot in real time,https://honeypotlive.cc/,138,49,2026-07-18T00:53:09.471423+00:00
48947201,More Bounce to the Ounce,https://mceglowski.substack.com/p/more-bounce-to-the-ounce,109,42,2026-07-18T00:53:09.471423+00:00
48949184,Designing emoji for the way we communicate today,https://blog.google/products-and-platforms/platforms/android/world-emoji-day-noto-3d/,52,71,2026-07-18T00:53:09.471423+00:00
48947714,AI Meets Cryptography 2: What AI Found in OpenVM's ZkVM,https://blog.zksecurity.xyz/posts/openvm-bugs/,81,6,2026-07-18T00:53:09.471423+00:00
48947100,Manufact (YC S25) Is Hiring a Senior infra engineer to build the MCP cloud,https://www.ycombinator.com/companies/manufact/jobs/Dh6PYP5-senior-infrastructure-engineer,0,0,2026-07-18T00:53:09.471423+00:00
48946010,Evidence of inconsistencies in evaluation process and selection of winners,https://www.kaggle.com/competitions/kaggle-measuring-agi/discussion/724918#3498423,436,277,2026-07-18T00:53:09.471423+00:00
48948693,Workspaces – Explore the workspaces of modern creators,https://workspaces.xyz/,69,56,2026-07-18T00:53:09.471423+00:00
